,year,player
840,1990,A.C. Green
1085,1980,Adrian Dantley
1064,1981,Adrian Dantley
1040,1982,Adrian Dantley
991,1984,Adrian Dantley
966,1985,Adrian Dantley
944,1986,Adrian Dantley
1442,1966,Adrian Smith
365,2010,Al Horford
337,2011,Al Horford
238,2015,Al Horford
209,2016,Al Horford
158,2018,Al Horford
1055,1982,Alex English
1028,1983,Alex English
1006,1984,Alex English
979,1985,Alex English
955,1986,Alex English
930,1987,Alex English
905,1988,Alex English
881,1989,Alex English
1764,1951,Alex Groza
624,2000,Allan Houston
600,2001,Allan Houston
601,2000,Allen Iverson
573,2001,Allen Iverson
547,2002,Allen Iverson
522,2003,Allen Iverson
498,2004,Allen Iverson
474,2005,Allen Iverson
449,2006,Allen Iverson
420,2007,Allen Iverson
394,2008,Allen Iverson
368,2009,Allen Iverson
340,2010,Allen Iverson
744,1994,Alonzo Mourning
719,1995,Alonzo Mourning
692,1996,Alonzo Mourning
668,1997,Alonzo Mourning
620,2000,Alonzo Mourning
593,2001,Alonzo Mourning
564,2002,Alonzo Mourning
1193,1976,Alvan Adams
948,1986,Alvin Robertson
924,1987,Alvin Robertson
896,1988,Alvin Robertson
819,1991,Alvin Robertson
484,2005,Amar'e Stoudemire
430,2007,Amar'e Stoudemire
404,2008,Amar'e Stoudemire
378,2009,Amar'e Stoudemire
350,2010,Amar'e Stoudemire
323,2011,Amar'e Stoudemire
204,2016,Andre Drummond
155,2018,Andre Drummond
290,2012,Andre Iguodala
516,2004,Andrei Kirilenko
310,2012,Andrew Bynum
1022,1983,Andrew Toney
997,1984,Andrew Toney
52,2022,Andrew Wiggins
1768,1951,Andy Phillip
1749,1952,Andy Phillip
1726,1953,Andy Phillip
1705,1954,Andy Phillip
1683,1955,Andy Phillip
713,1995,Anfernee Hardaway
687,1996,Anfernee Hardaway
662,1997,Anfernee Hardaway
634,1998,Anfernee Hardaway
488,2005,Antawn Jamison
407,2008,Antawn Jamison
253,2014,Anthony Davis
227,2015,Anthony Davis
197,2016,Anthony Davis
174,2017,Anthony Davis
148,2018,Anthony Davis
120,2019,Anthony Davis
93,2020,Anthony Davis
69,2021,Anthony Davis
1,2023,Anthony Edwards
587,2001,Anthony Mason
645,1998,Antoine Walker
571,2002,Antoine Walker
546,2003,Antoine Walker
598,2001,Antonio Davis
599,2001,Antonio McDyess
1393,1968,Archie Clark
1289,1972,Archie Clark
1744,1952,Arnie Risen
1723,1953,Arnie Risen
1701,1954,Arnie Risen
1676,1955,Arnie Risen
1146,1978,Artis Gilmore
1121,1979,Artis Gilmore
1075,1981,Artis Gilmore
1049,1982,Artis Gilmore
1026,1983,Artis Gilmore
952,1986,Artis Gilmore
1231,1974,Austin Carr
745,1994,B.J. Armstrong
1559,1961,Bailey Howell
1536,1962,Bailey Howell
1511,1963,Bailey Howell
1488,1964,Bailey Howell
1447,1966,Bailey Howell
1427,1967,Bailey Howell
96,2020,Bam Adebayo
17,2023,Bam Adebayo
572,2002,Baron Davis
520,2004,Baron Davis
113,2019,Ben Simmons
86,2020,Ben Simmons
64,2021,Ben Simmons
535,2003,Ben Wallace
507,2004,Ben Wallace
489,2005,Ben Wallace
460,2006,Ben Wallace
1053,1982,Bernard King
1004,1984,Bernard King
978,1985,Bernard King
830,1991,Bernard King
1257,1973,Bill Bradley
1410,1967,Bill Bridges
1386,1968,Bill Bridges
1336,1970,Bill Bridges
1094,1980,Bill Cartwright
1710,1953,Bill Gabor
1013,1983,Bill Laimbeer
986,1984,Bill Laimbeer
962,1985,Bill Laimbeer
913,1987,Bill Laimbeer
1616,1958,Bill Russell
1597,1959,Bill Russell
1576,1960,Bill Russell
1554,1961,Bill Russell
1530,1962,Bill Russell
1504,1963,Bill Russell
1483,1964,Bill Russell
1463,1965,Bill Russell
1443,1966,Bill Russell
1423,1967,Bill Russell
1402,1968,Bill Russell
1376,1969,Bill Russell
1709,1953,Bill Sharman
1688,1954,Bill Sharman
1666,1955,Bill Sharman
1647,1956,Bill Sharman
1624,1957,Bill Sharman
1604,1958,Bill Sharman
1585,1959,Bill Sharman
1563,1960,Bill Sharman
1165,1977,Bill Walton
1140,1978,Bill Walton
1364,1969,Billy Cunningham
1340,1970,Billy Cunningham
1313,1971,Billy Cunningham
1284,1972,Billy Cunningham
1154,1977,Billy Knight
1129,1978,Billy Knight
332,2011,Blake Griffin
306,2012,Blake Griffin
281,2013,Blake Griffin
258,2014,Blake Griffin
230,2015,Blake Griffin
124,2019,Blake Griffin
1394,1968,Bob Boozer
1754,1951,Bob Cousy
1734,1952,Bob Cousy
1715,1953,Bob Cousy
1692,1954,Bob Cousy
1668,1955,Bob Cousy
1650,1956,Bob Cousy
1627,1957,Bob Cousy
1606,1958,Bob Cousy
1587,1959,Bob Cousy
1567,1960,Bob Cousy
1544,1961,Bob Cousy
1518,1962,Bob Cousy
1492,1963,Bob Cousy
1266,1973,Bob Dandridge
1212,1975,Bob Dandridge
1188,1976,Bob Dandridge
1119,1979,Bob Dandridge
1751,1951,Bob Davies
1732,1952,Bob Davies
1714,1953,Bob Davies
1690,1954,Bob Davies
1644,1956,Bob Harrison
1307,1971,Bob Kauffman
1279,1972,Bob Kauffman
1249,1973,Bob Kauffman
1281,1972,Bob Lanier
1253,1973,Bob Lanier
1224,1974,Bob Lanier
1201,1975,Bob Lanier
1156,1977,Bob Lanier
1131,1978,Bob Lanier
1107,1979,Bob Lanier
1035,1982,Bob Lanier
1334,1971,Bob Love
1306,1972,Bob Love
1278,1973,Bob Love
1230,1974,Bob McAdoo
1204,1975,Bob McAdoo
1179,1976,Bob McAdoo
1159,1977,Bob McAdoo
1134,1978,Bob McAdoo
1679,1955,Bob Pettit
1661,1956,Bob Pettit
1639,1957,Bob Pettit
1617,1958,Bob Pettit
1598,1959,Bob Pettit
1579,1960,Bob Pettit
1557,1961,Bob Pettit
1533,1962,Bob Pettit
1508,1963,Bob Pettit
1486,1964,Bob Pettit
1467,1965,Bob Pettit
1354,1970,Bob Rule
1152,1977,Bobby Jones
1127,1978,Bobby Jones
1057,1981,Bobby Jones
1032,1982,Bobby Jones
1729,1952,Bobby Wanzer
1707,1953,Bobby Wanzer
1686,1954,Bobby Wanzer
1665,1955,Bobby Wanzer
1645,1956,Bobby Wanzer
899,1988,Brad Daugherty
875,1989,Brad Daugherty
824,1991,Brad Daugherty
799,1992,Brad Daugherty
772,1993,Brad Daugherty
543,2003,Brad Miller
513,2004,Brad Miller
145,2018,Bradley Beal
116,2019,Bradley Beal
65,2021,Bradley Beal
82,2020,Brandon Ingram
401,2008,Brandon Roy
375,2009,Brandon Roy
347,2010,Brandon Roy
1180,1976,Brian Winters
1136,1978,Brian Winters
288,2013,Brook Lopez
1036,1982,Buck Williams
1016,1983,Buck Williams
941,1986,Buck Williams
1286,1972,Butch Beard
1122,1979,Calvin Murphy
967,1985,Calvin Natt
1118,1979,Campy Russell
1722,1953,Carl Braun
1700,1954,Carl Braun
1675,1955,Carl Braun
1659,1956,Carl Braun
1638,1957,Carl Braun
439,2007,Carlos Boozer
415,2008,Carlos Boozer
432,2007,Carmelo Anthony
405,2008,Carmelo Anthony
352,2010,Carmelo Anthony
324,2011,Carmelo Anthony
300,2012,Carmelo Anthony
275,2013,Carmelo Anthony
251,2014,Carmelo Anthony
224,2015,Carmelo Anthony
195,2016,Carmelo Anthony
170,2017,Carmelo Anthony
434,2007,Caron Butler
408,2008,Caron Butler
1292,1972,Cazzie Russell
707,1995,Cedric Ceballos
911,1987,Charles Barkley
885,1988,Charles Barkley
861,1989,Charles Barkley
836,1990,Charles Barkley
809,1991,Charles Barkley
783,1992,Charles Barkley
757,1993,Charles Barkley
730,1994,Charles Barkley
706,1995,Charles Barkley
681,1996,Charles Barkley
653,1997,Charles Barkley
727,1994,Charles Oakley
1254,1973,Charlie Scott
1227,1974,Charlie Scott
1202,1975,Charlie Scott
463,2006,Chauncey Billups
437,2007,Chauncey Billups
411,2008,Chauncey Billups
383,2009,Chauncey Billups
359,2010,Chauncey Billups
1471,1964,Chet Walker
1430,1966,Chet Walker
1411,1967,Chet Walker
1337,1970,Chet Walker
1310,1971,Chet Walker
1251,1973,Chet Walker
1225,1974,Chet Walker
458,2006,Chris Bosh
429,2007,Chris Bosh
403,2008,Chris Bosh
377,2009,Chris Bosh
349,2010,Chris Bosh
322,2011,Chris Bosh
297,2012,Chris Bosh
274,2013,Chris Bosh
250,2014,Chris Bosh
221,2015,Chris Bosh
193,2016,Chris Bosh
670,1997,Chris Gatling
357,2010,Chris Kaman
860,1989,Chris Mullin
837,1990,Chris Mullin
810,1991,Chris Mullin
782,1992,Chris Mullin
759,1993,Chris Mullin
416,2008,Chris Paul
386,2009,Chris Paul
362,2010,Chris Paul
335,2011,Chris Paul
309,2012,Chris Paul
284,2013,Chris Paul
261,2014,Chris Paul
233,2015,Chris Paul
205,2016,Chris Paul
101,2020,Chris Paul
76,2021,Chris Paul
47,2022,Chris Paul
656,1997,Chris Webber
609,2000,Chris Webber
579,2001,Chris Webber
553,2002,Chris Webber
528,2003,Chris Webber
665,1997,Christian Laettner
1577,1960,Chuck Noble
1605,1958,Cliff Hagan
1586,1959,Cliff Hagan
1565,1960,Cliff Hagan
1542,1961,Cliff Hagan
1516,1962,Cliff Hagan
747,1994,Clifford Robinson
934,1986,Clyde Drexler
883,1988,Clyde Drexler
858,1989,Clyde Drexler
834,1990,Clyde Drexler
808,1991,Clyde Drexler
779,1992,Clyde Drexler
755,1993,Clyde Drexler
728,1994,Clyde Drexler
679,1996,Clyde Drexler
651,1997,Clyde Drexler
1396,1968,Clyde Lee
1649,1956,Clyde Lovellette
1626,1957,Clyde Lovellette
1566,1960,Clyde Lovellette
1543,1961,Clyde Lovellette
1358,1970,Connie Hawkins
1332,1971,Connie Hawkins
1305,1972,Connie Hawkins
1277,1973,Connie Hawkins
1181,1976,Curtis Rowe
129,2019,D'Angelo Russell
605,2000,Dale Davis
878,1989,Dale Ellis
246,2014,Damian Lillard
218,2015,Damian Lillard
140,2018,Damian Lillard
111,2019,Damian Lillard
88,2020,Damian Lillard
63,2021,Damian Lillard
8,2023,Damian Lillard
1164,1977,Dan Issel
791,1992,Dan Majerle
765,1993,Dan Majerle
712,1995,Dan Majerle
1096,1980,Dan Roundfield
1073,1981,Dan Roundfield
1046,1982,Dan Roundfield
721,1995,Dana Barros
893,1988,Danny Ainge
381,2009,Danny Granger
774,1993,Danny Manning
746,1994,Danny Manning
31,2022,Darius Garland
1412,1967,Darrall Imhoff
1403,1968,Dave Bing
1377,1969,Dave Bing
1325,1971,Dave Bing
1271,1973,Dave Bing
1243,1974,Dave Bing
1217,1975,Dave Bing
1192,1976,Dave Bing
1298,1972,Dave Cowens
1268,1973,Dave Cowens
1241,1974,Dave Cowens
1214,1975,Dave Cowens
1189,1976,Dave Cowens
1167,1977,Dave Cowens
1143,1978,Dave Cowens
1097,1980,Dave Cowens
1438,1966,Dave DeBusschere
1418,1967,Dave DeBusschere
1398,1968,Dave DeBusschere
1350,1970,Dave DeBusschere
1321,1971,Dave DeBusschere
1295,1972,Dave DeBusschere
1264,1973,Dave DeBusschere
1238,1974,Dave DeBusschere
346,2010,David Lee
271,2013,David Lee
846,1990,David Robinson
821,1991,David Robinson
796,1992,David Robinson
770,1993,David Robinson
741,1994,David Robinson
717,1995,David Robinson
690,1996,David Robinson
639,1998,David Robinson
617,2000,David Robinson
590,2001,David Robinson
1175,1977,David Thompson
1148,1978,David Thompson
1125,1979,David Thompson
1029,1983,David Thompson
397,2008,David West
371,2009,David West
18,2023,De'Aaron Fox
176,2017,DeAndre Jordan
241,2014,DeMar DeRozan
186,2016,DeMar DeRozan
162,2017,DeMar DeRozan
134,2018,DeMar DeRozan
30,2022,DeMar DeRozan
3,2023,DeMar DeRozan
214,2015,DeMarcus Cousins
187,2016,DeMarcus Cousins
163,2017,DeMarcus Cousins
135,2018,DeMarcus Cousins
32,2022,Dejounte Murray
1124,1979,Dennis Johnson
1102,1980,Dennis Johnson
1077,1981,Dennis Johnson
1054,1982,Dennis Johnson
980,1985,Dennis Johnson
850,1990,Dennis Rodman
802,1992,Dennis Rodman
356,2010,Deron Williams
329,2011,Deron Williams
304,2012,Deron Williams
737,1994,Derrick Coleman
354,2010,Derrick Rose
327,2011,Derrick Rose
301,2012,Derrick Rose
753,1993,Detlef Schrempf
702,1995,Detlef Schrempf
649,1997,Detlef Schrempf
90,2020,Devin Booker
66,2021,Devin Booker
37,2022,Devin Booker
391,2009,Devin Harris
1401,1968,Dick Barnett
1630,1957,Dick Garmaker
1608,1958,Dick Garmaker
1590,1959,Dick Garmaker
1570,1960,Dick Garmaker
1761,1951,Dick McGuire
1742,1952,Dick McGuire
1699,1954,Dick McGuire
1673,1955,Dick McGuire
1657,1956,Dick McGuire
1612,1958,Dick McGuire
1594,1959,Dick McGuire
1371,1969,Dick Van Arsdale
1348,1970,Dick Van Arsdale
1319,1971,Dick Van Arsdale
1758,1951,Dike Eddleman
1738,1952,Dike Eddleman
787,1992,Dikembe Mutombo
709,1995,Dikembe Mutombo
683,1996,Dikembe Mutombo
658,1997,Dikembe Mutombo
630,1998,Dikembe Mutombo
612,2000,Dikembe Mutombo
583,2001,Dikembe Mutombo
556,2002,Dikembe Mutombo
559,2002,Dirk Nowitzki
532,2003,Dirk Nowitzki
506,2004,Dirk Nowitzki
485,2005,Dirk Nowitzki
459,2006,Dirk Nowitzki
431,2007,Dirk Nowitzki
406,2008,Dirk Nowitzki
379,2009,Dirk Nowitzki
353,2010,Dirk Nowitzki
325,2011,Dirk Nowitzki
299,2012,Dirk Nowitzki
252,2014,Dirk Nowitzki
223,2015,Dirk Nowitzki
117,2019,Dirk Nowitzki
894,1988,Doc Rivers
1760,1951,Dolph Schayes
1741,1952,Dolph Schayes
1720,1953,Dolph Schayes
1698,1954,Dolph Schayes
1672,1955,Dolph Schayes
1656,1956,Dolph Schayes
1636,1957,Dolph Schayes
1611,1958,Dolph Schayes
1593,1959,Dolph Schayes
1573,1960,Dolph Schayes
1551,1961,Dolph Schayes
1527,1962,Dolph Schayes
100,2020,Domantas Sabonis
75,2021,Domantas Sabonis
20,2023,Domantas Sabonis
953,1986,Dominique Wilkins
928,1987,Dominique Wilkins
903,1988,Dominique Wilkins
879,1989,Dominique Wilkins
852,1990,Dominique Wilkins
828,1991,Dominique Wilkins
803,1992,Dominique Wilkins
775,1993,Dominique Wilkins
748,1994,Dominique Wilkins
1713,1953,Don Barksdale
1150,1977,Don Buse
1385,1968,Don Kojis
1360,1969,Don Kojis
1496,1963,Don Ohl
1476,1964,Don Ohl
1456,1965,Don Ohl
1435,1966,Don Ohl
1416,1967,Don Ohl
1696,1954,Don Sunderlage
103,2020,Donovan Mitchell
78,2021,Donovan Mitchell
49,2022,Donovan Mitchell
23,2023,Donovan Mitchell
1178,1976,Doug Collins
1158,1977,Doug Collins
1133,1978,Doug Collins
1109,1979,Doug Collins
210,2016,Draymond Green
185,2017,Draymond Green
160,2018,Draymond Green
51,2022,Draymond Green
426,2007,Dwight Howard
399,2008,Dwight Howard
373,2009,Dwight Howard
343,2010,Dwight Howard
317,2011,Dwight Howard
292,2012,Dwight Howard
267,2013,Dwight Howard
242,2014,Dwight Howard
491,2005,Dwyane Wade
462,2006,Dwyane Wade
436,2007,Dwyane Wade
410,2008,Dwyane Wade
382,2009,Dwyane Wade
358,2010,Dwyane Wade
331,2011,Dwyane Wade
305,2012,Dwyane Wade
279,2013,Dwyane Wade
256,2014,Dwyane Wade
229,2015,Dwyane Wade
201,2016,Dwyane Wade
123,2019,Dwyane Wade
1382,1969,Earl Monroe
1331,1971,Earl Monroe
1223,1975,Earl Monroe
1173,1977,Earl Monroe
1750,1951,Ed Macauley
1731,1952,Ed Macauley
1712,1953,Ed Macauley
1689,1954,Ed Macauley
1667,1955,Ed Macauley
1648,1956,Ed Macauley
1625,1957,Ed Macauley
1100,1980,Eddie Johnson
1076,1981,Eddie Johnson
655,1997,Eddie Jones
628,1998,Eddie Jones
608,2000,Eddie Jones
1433,1966,Eddie Miles
1588,1959,Elgin Baylor
1569,1960,Elgin Baylor
1546,1961,Elgin Baylor
1520,1962,Elgin Baylor
1494,1963,Elgin Baylor
1474,1964,Elgin Baylor
1455,1965,Elgin Baylor
1415,1967,Elgin Baylor
1392,1968,Elgin Baylor
1367,1969,Elgin Baylor
1342,1970,Elgin Baylor
551,2002,Elton Brand
455,2006,Elton Brand
1379,1969,Elvin Hayes
1355,1970,Elvin Hayes
1328,1971,Elvin Hayes
1302,1972,Elvin Hayes
1273,1973,Elvin Hayes
1247,1974,Elvin Hayes
1220,1975,Elvin Hayes
1195,1976,Elvin Hayes
1170,1977,Elvin Hayes
1145,1978,Elvin Hayes
1120,1979,Elvin Hayes
1099,1980,Elvin Hayes
902,1988,Lafayette Lever
851,1990,Lafayette Lever
1344,1970,Flynn Robinson
1684,1955,Frank Selvy
1539,1962,Frank Selvy
1752,1951,Frankie Brian
1733,1952,Frankie Brian
1186,1976,Fred Brown
1755,1951,Fred Schaus
1730,1952,Fred Scolari
1711,1953,Fred Scolari
42,2022,Fred VanVleet
1378,1969,Gail Goodrich
1301,1972,Gail Goodrich
1272,1973,Gail Goodrich
1245,1974,Gail Goodrich
1221,1975,Gail Goodrich
736,1994,Gary Payton
711,1995,Gary Payton
686,1996,Gary Payton
661,1997,Gary Payton
633,1998,Gary Payton
615,2000,Gary Payton
588,2001,Gary Payton
561,2002,Gary Payton
534,2003,Gary Payton
1613,1958,Gene Shue
1592,1959,Gene Shue
1572,1960,Gene Shue
1550,1961,Gene Shue
1526,1962,Gene Shue
1327,1971,Geoff Petrie
1244,1974,Geoff Petrie
1160,1977,George Gervin
1135,1978,George Gervin
1110,1979,George Gervin
1084,1980,George Gervin
1063,1981,George Gervin
1038,1982,George Gervin
1017,1983,George Gervin
989,1984,George Gervin
965,1985,George Gervin
1197,1976,George McGinnis
1172,1977,George McGinnis
1123,1979,George McGinnis
1756,1951,George Mikan
1735,1952,George Mikan
1716,1953,George Mikan
1694,1954,George Mikan
1680,1955,George Yardley
1662,1956,George Yardley
1641,1957,George Yardley
1620,1958,George Yardley
1600,1959,George Yardley
1582,1960,George Yardley
351,2010,Gerald Wallace
173,2017,Giannis Antetokounmpo
147,2018,Giannis Antetokounmpo
119,2019,Giannis Antetokounmpo
92,2020,Giannis Antetokounmpo
68,2021,Giannis Antetokounmpo
39,2022,Giannis Antetokounmpo
11,2023,Giannis Antetokounmpo
495,2005,Gilbert Arenas
468,2006,Gilbert Arenas
441,2007,Gilbert Arenas
701,1996,Glen Rice
677,1997,Glen Rice
648,1998,Glen Rice
611,2000,Glenn Robinson
582,2001,Glenn Robinson
152,2018,Goran Dragić
172,2017,Gordon Hayward
704,1995,Grant Hill
678,1996,Grant Hill
650,1997,Grant Hill
626,1998,Grant Hill
604,2000,Grant Hill
576,2001,Grant Hill
478,2005,Grant Hill
1450,1965,Gus Johnson
1387,1968,Gus Johnson
1363,1969,Gus Johnson
1338,1970,Gus Johnson
1311,1971,Gus Johnson
1044,1982,Gus Williams
1023,1983,Gus Williams
1502,1963,Guy Rodgers
1481,1964,Guy Rodgers
1439,1966,Guy Rodgers
1419,1967,Guy Rodgers
959,1985,Hakeem Olajuwon
936,1986,Hakeem Olajuwon
910,1987,Hakeem Olajuwon
884,1988,Hakeem Olajuwon
859,1989,Hakeem Olajuwon
835,1990,Hakeem Olajuwon
781,1992,Hakeem Olajuwon
756,1993,Hakeem Olajuwon
729,1994,Hakeem Olajuwon
705,1995,Hakeem Olajuwon
680,1996,Hakeem Olajuwon
652,1997,Hakeem Olajuwon
1561,1961,Hal Greer
1538,1962,Hal Greer
1512,1963,Hal Greer
1489,1964,Hal Greer
1470,1965,Hal Greer
1449,1966,Hal Greer
1428,1967,Hal Greer
1409,1968,Hal Greer
1384,1969,Hal Greer
1359,1970,Hal Greer
1765,1951,Harry Gallatin
1746,1952,Harry Gallatin
1725,1953,Harry Gallatin
1703,1954,Harry Gallatin
1681,1955,Harry Gallatin
1663,1956,Harry Gallatin
1642,1957,Harry Gallatin
827,1991,Hersey Hawkins
735,1994,Horace Grant
1578,1960,Hot Rod Hundley
1556,1961,Hot Rod Hundley
206,2016,Isaiah Thomas
181,2017,Isaiah Thomas
1039,1982,Isiah Thomas
1018,1983,Isiah Thomas
990,1984,Isiah Thomas
968,1985,Isiah Thomas
943,1986,Isiah Thomas
919,1987,Isiah Thomas
891,1988,Isiah Thomas
866,1989,Isiah Thomas
844,1990,Isiah Thomas
817,1991,Isiah Thomas
790,1992,Isiah Thomas
763,1993,Isiah Thomas
44,2022,Ja Morant
15,2023,Ja Morant
1677,1955,Jack Coleman
1653,1956,Jack George
1631,1957,Jack George
1304,1972,Jack Marin
1276,1973,Jack Marin
1691,1954,Jack Molinas
1116,1979,Jack Sikma
1092,1980,Jack Sikma
1068,1981,Jack Sikma
1043,1982,Jack Sikma
1021,1983,Jack Sikma
996,1984,Jack Sikma
972,1985,Jack Sikma
1640,1957,Jack Twyman
1618,1958,Jack Twyman
1599,1959,Jack Twyman
1580,1960,Jack Twyman
1534,1962,Jack Twyman
1509,1963,Jack Twyman
503,2004,Jamaal Magloire
1177,1976,Jamaal Wilkes
1061,1981,Jamaal Wilkes
1014,1983,Jamaal Wilkes
527,2003,Jamal Mashburn
387,2009,Jameer Nelson
887,1988,James Donaldson
283,2013,James Harden
260,2014,James Harden
232,2015,James Harden
203,2016,James Harden
180,2017,James Harden
154,2018,James Harden
126,2019,James Harden
99,2020,James Harden
74,2021,James Harden
46,2022,James Harden
942,1986,James Worthy
916,1987,James Worthy
889,1988,James Worthy
863,1989,James Worthy
841,1990,James Worthy
814,1991,James Worthy
786,1992,James Worthy
22,2023,Jaren Jackson Jr.
27,2022,Jarrett Allen
694,1996,Jason Kidd
642,1998,Jason Kidd
621,2000,Jason Kidd
595,2001,Jason Kidd
568,2002,Jason Kidd
542,2003,Jason Kidd
515,2004,Jason Kidd
442,2007,Jason Kidd
417,2008,Jason Kidd
364,2010,Jason Kidd
61,2021,Jaylen Brown
10,2023,Jaylen Brown
95,2020,Jayson Tatum
70,2021,Jayson Tatum
41,2022,Jayson Tatum
12,2023,Jayson Tatum
631,1998,Jayson Williams
785,1992,Jeff Hornacek
947,1986,Jeff Malone
923,1987,Jeff Malone
1361,1969,Jeff Mullins
1335,1970,Jeff Mullins
1308,1971,Jeff Mullins
1003,1984,Jeff Ruland
977,1985,Jeff Ruland
234,2015,Jeff Teague
569,2002,Jermaine O'Neal
544,2003,Jermaine O'Neal
517,2004,Jermaine O'Neal
496,2005,Jermaine O'Neal
469,2006,Jermaine O'Neal
443,2007,Jermaine O'Neal
1490,1964,Jerry Lucas
1469,1965,Jerry Lucas
1448,1966,Jerry Lucas
1429,1967,Jerry Lucas
1408,1968,Jerry Lucas
1383,1969,Jerry Lucas
1333,1971,Jerry Lucas
1420,1967,Jerry Sloan
1373,1969,Jerry Sloan
614,2000,Jerry Stackhouse
586,2001,Jerry Stackhouse
1548,1961,Jerry West
1524,1962,Jerry West
1500,1963,Jerry West
1479,1964,Jerry West
1459,1965,Jerry West
1437,1966,Jerry West
1417,1967,Jerry West
1397,1968,Jerry West
1370,1969,Jerry West
1347,1970,Jerry West
1318,1971,Jerry West
1293,1972,Jerry West
1263,1973,Jerry West
1237,1974,Jerry West
1407,1968,Jim King
1008,1983,Jim Paxson
983,1984,Jim Paxson
1766,1951,Jim Pollard
1747,1952,Jim Pollard
1704,1954,Jim Pollard
1682,1955,Jim Pollard
1222,1975,Jim Price
226,2015,Jimmy Butler
198,2016,Jimmy Butler
175,2017,Jimmy Butler
149,2018,Jimmy Butler
94,2020,Jimmy Butler
40,2022,Jimmy Butler
1346,1970,Jimmy Walker
1291,1972,Jimmy Walker
1324,1971,Jojo White
1299,1972,Jojo White
1270,1973,Jojo White
1242,1974,Jojo White
1216,1975,Jojo White
1191,1976,Jojo White
1168,1977,Jojo White
280,2013,Joakim Noah
257,2014,Joakim Noah
912,1987,Joe Barry Carroll
1372,1969,Joe Caldwell
1351,1970,Joe Caldwell
838,1990,Joe Dumars
811,1991,Joe Dumars
784,1992,Joe Dumars
760,1993,Joe Dumars
708,1995,Joe Dumars
654,1997,Joe Dumars
1759,1951,Joe Fulks
1740,1952,Joe Fulks
448,2007,Joe Johnson
419,2008,Joe Johnson
393,2009,Joe Johnson
367,2010,Joe Johnson
339,2011,Joe Johnson
314,2012,Joe Johnson
264,2014,Joe Johnson
139,2018,Joel Embiid
110,2019,Joel Embiid
85,2020,Joel Embiid
60,2021,Joel Embiid
35,2022,Joel Embiid
7,2023,Joel Embiid
1261,1973,John Block
1176,1976,John Drew
1081,1980,John Drew
1441,1966,John Havlicek
1422,1967,John Havlicek
1400,1968,John Havlicek
1375,1969,John Havlicek
1353,1970,John Havlicek
1323,1971,John Havlicek
1296,1972,John Havlicek
1265,1973,John Havlicek
1239,1974,John Havlicek
1211,1975,John Havlicek
1187,1976,John Havlicek
1166,1977,John Havlicek
1142,1978,John Havlicek
1312,1971,John Johnson
1283,1972,John Johnson
734,1994,John Starks
872,1989,John Stockton
845,1990,John Stockton
820,1991,John Stockton
794,1992,John Stockton
769,1993,John Stockton
740,1994,John Stockton
716,1995,John Stockton
689,1996,John Stockton
666,1997,John Stockton
616,2000,John Stockton
245,2014,John Wall
217,2015,John Wall
189,2016,John Wall
166,2017,John Wall
138,2018,John Wall
1532,1962,Johnny Green
1506,1963,Johnny Green
1465,1965,Johnny Green
1326,1971,Johnny Green
1369,1969,Jon McGlocklin
433,2007,Josh Howard
270,2013,Jrue Holiday
5,2023,Jrue Holiday
1153,1977,Julius Erving
1128,1978,Julius Erving
1105,1979,Julius Erving
1079,1980,Julius Erving
1058,1981,Julius Erving
1033,1982,Julius Erving
1010,1983,Julius Erving
985,1984,Julius Erving
958,1985,Julius Erving
935,1986,Julius Erving
909,1987,Julius Erving
79,2021,Julius Randle
24,2023,Julius Randle
697,1996,Juwan Howard
1345,1970,Kareem Abdul-Jabbar
1317,1971,Kareem Abdul-Jabbar
1290,1972,Kareem Abdul-Jabbar
1262,1973,Kareem Abdul-Jabbar
1236,1974,Kareem Abdul-Jabbar
1210,1975,Kareem Abdul-Jabbar
1185,1976,Kareem Abdul-Jabbar
1163,1977,Kareem Abdul-Jabbar
1115,1979,Kareem Abdul-Jabbar
1091,1980,Kareem Abdul-Jabbar
1067,1981,Kareem Abdul-Jabbar
1042,1982,Kareem Abdul-Jabbar
1020,1983,Kareem Abdul-Jabbar
995,1984,Kareem Abdul-Jabbar
971,1985,Kareem Abdul-Jabbar
946,1986,Kareem Abdul-Jabbar
922,1987,Kareem Abdul-Jabbar
895,1988,Kareem Abdul-Jabbar
869,1989,Kareem Abdul-Jabbar
890,1988,Karl Malone
865,1989,Karl Malone
843,1990,Karl Malone
816,1991,Karl Malone
788,1992,Karl Malone
762,1993,Karl Malone
733,1994,Karl Malone
710,1995,Karl Malone
684,1996,Karl Malone
659,1997,Karl Malone
632,1998,Karl Malone
613,2000,Karl Malone
584,2001,Karl Malone
557,2002,Karl Malone
156,2018,Karl-Anthony Towns
127,2019,Karl-Anthony Towns
48,2022,Karl-Anthony Towns
190,2016,Kawhi Leonard
167,2017,Kawhi Leonard
109,2019,Kawhi Leonard
84,2020,Kawhi Leonard
59,2021,Kawhi Leonard
1052,1982,Kelly Tripucka
1005,1984,Kelly Tripucka
179,2017,Kemba Walker
153,2018,Kemba Walker
125,2019,Kemba Walker
97,2020,Kemba Walker
752,1994,Kenny Anderson
1622,1958,Kenny Sears
1602,1959,Kenny Sears
514,2004,Kenyon Martin
1087,1980,Kermit Washington
876,1989,Kevin Duckworth
825,1991,Kevin Duckworth
344,2010,Kevin Durant
318,2011,Kevin Durant
293,2012,Kevin Durant
268,2013,Kevin Durant
243,2014,Kevin Durant
215,2015,Kevin Durant
188,2016,Kevin Durant
164,2017,Kevin Durant
136,2018,Kevin Durant
108,2019,Kevin Durant
58,2021,Kevin Durant
33,2022,Kevin Durant
4,2023,Kevin Durant
657,1997,Kevin Garnett
629,1998,Kevin Garnett
610,2000,Kevin Garnett
580,2001,Kevin Garnett
554,2002,Kevin Garnett
529,2003,Kevin Garnett
502,2004,Kevin Garnett
482,2005,Kevin Garnett
456,2006,Kevin Garnett
427,2007,Kevin Garnett
400,2008,Kevin Garnett
374,2009,Kevin Garnett
345,2010,Kevin Garnett
319,2011,Kevin Garnett
269,2013,Kevin Garnett
839,1990,Kevin Johnson
812,1991,Kevin Johnson
731,1994,Kevin Johnson
320,2011,Kevin Love
294,2012,Kevin Love
244,2014,Kevin Love
165,2017,Kevin Love
137,2018,Kevin Love
984,1984,Kevin McHale
933,1986,Kevin McHale
908,1987,Kevin McHale
882,1988,Kevin McHale
857,1989,Kevin McHale
833,1990,Kevin McHale
807,1991,Kevin McHale
800,1992,Kevin Willis
130,2019,Khris Middleton
104,2020,Khris Middleton
50,2022,Khris Middleton
1025,1983,Kiki Vandeweghe
999,1984,Kiki Vandeweghe
225,2015,Klay Thompson
196,2016,Klay Thompson
171,2017,Klay Thompson
146,2018,Klay Thompson
118,2019,Klay Thompson
640,1998,Kobe Bryant
618,2000,Kobe Bryant
591,2001,Kobe Bryant
562,2002,Kobe Bryant
537,2003,Kobe Bryant
509,2004,Kobe Bryant
492,2005,Kobe Bryant
464,2006,Kobe Bryant
438,2007,Kobe Bryant
412,2008,Kobe Bryant
384,2009,Kobe Bryant
360,2010,Kobe Bryant
333,2011,Kobe Bryant
307,2012,Kobe Bryant
282,2013,Kobe Bryant
259,2014,Kobe Bryant
231,2015,Kobe Bryant
202,2016,Kobe Bryant
143,2018,Kristaps Porziņģis
216,2015,Kyle Korver
222,2015,Kyle Lowry
194,2016,Kyle Lowry
169,2017,Kyle Lowry
144,2018,Kyle Lowry
115,2019,Kyle Lowry
89,2020,Kyle Lowry
266,2013,Kyrie Irving
240,2014,Kyrie Irving
213,2015,Kyrie Irving
161,2017,Kyrie Irving
133,2018,Kyrie Irving
106,2019,Kyrie Irving
56,2021,Kyrie Irving
2,2023,Kyrie Irving
295,2012,LaMarcus Aldridge
272,2013,LaMarcus Aldridge
248,2014,LaMarcus Aldridge
219,2015,LaMarcus Aldridge
191,2016,LaMarcus Aldridge
142,2018,LaMarcus Aldridge
114,2019,LaMarcus Aldridge
34,2022,LaMelo Ball
1095,1980,Larry Bird
1071,1981,Larry Bird
1045,1982,Larry Bird
1024,1983,Larry Bird
998,1984,Larry Bird
973,1985,Larry Bird
949,1986,Larry Bird
925,1987,Larry Bird
897,1988,Larry Bird
847,1990,Larry Bird
822,1991,Larry Bird
797,1992,Larry Bird
1614,1958,Larry Costello
1595,1959,Larry Costello
1575,1960,Larry Costello
1553,1961,Larry Costello
1529,1962,Larry Costello
1462,1965,Larry Costello
1763,1951,Larry Foust
1745,1952,Larry Foust
1724,1953,Larry Foust
1702,1954,Larry Foust
1678,1955,Larry Foust
1660,1956,Larry Foust
1615,1958,Larry Foust
1596,1959,Larry Foust
754,1993,Larry Johnson
703,1995,Larry Johnson
1137,1978,Larry Kenon
1111,1979,Larry Kenon
970,1985,Larry Nance
868,1989,Larry Nance
764,1993,Larry Nance
749,1994,Latrell Sprewell
722,1995,Latrell Sprewell
672,1997,Latrell Sprewell
596,2001,Latrell Sprewell
13,2023,Lauri Markkanen
483,2005,LeBron James
457,2006,LeBron James
428,2007,LeBron James
402,2008,LeBron James
376,2009,LeBron James
348,2010,LeBron James
321,2011,LeBron James
296,2012,LeBron James
273,2013,LeBron James
247,2014,LeBron James
220,2015,LeBron James
192,2016,LeBron James
168,2017,LeBron James
141,2018,LeBron James
112,2019,LeBron James
87,2020,LeBron James
62,2021,LeBron James
36,2022,LeBron James
9,2023,LeBron James
1513,1963,Lee Shaffer
1475,1964,Len Chappell
1507,1963,Lenny Wilkens
1485,1964,Lenny Wilkens
1466,1965,Lenny Wilkens
1425,1967,Lenny Wilkens
1405,1968,Lenny Wilkens
1380,1969,Lenny Wilkens
1356,1970,Lenny Wilkens
1329,1971,Lenny Wilkens
1275,1973,Lenny Wilkens
1736,1952,Leo Barnhorst
1718,1953,Leo Barnhorst
1149,1978,Lionel Hollins
1051,1982,Lonnie Shelton
1365,1969,Lou Hudson
1341,1970,Lou Hudson
1314,1971,Lou Hudson
1285,1972,Lou Hudson
1258,1973,Lou Hudson
1232,1974,Lou Hudson
98,2020,Luka Dončić
73,2021,Luka Dončić
45,2022,Luka Dončić
19,2023,Luka Dončić
1451,1965,Luke Jackson
302,2012,Luol Deng
276,2013,Luol Deng
1101,1980,Magic Johnson
1050,1982,Magic Johnson
1027,1983,Magic Johnson
1002,1984,Magic Johnson
976,1985,Magic Johnson
954,1986,Magic Johnson
929,1987,Magic Johnson
904,1988,Magic Johnson
880,1989,Magic Johnson
853,1990,Magic Johnson
829,1991,Magic Johnson
486,2005,Manu Ginóbili
326,2011,Manu Ginóbili
312,2012,Marc Gasol
237,2015,Marc Gasol
184,2017,Marc Gasol
1000,1984,Mark Aguirre
926,1987,Mark Aguirre
900,1988,Mark Aguirre
873,1989,Mark Eaton
871,1989,Mark Jackson
870,1989,Mark Price
792,1992,Mark Price
767,1993,Mark Price
739,1994,Mark Price
1104,1979,Marques Johnson
1080,1980,Marques Johnson
1059,1981,Marques Johnson
1011,1983,Marques Johnson
939,1986,Marques Johnson
1015,1983,Maurice Cheeks
940,1986,Maurice Cheeks
915,1987,Maurice Cheeks
888,1988,Maurice Cheeks
1151,1977,Maurice Lucas
1126,1978,Maurice Lucas
1103,1979,Maurice Lucas
1009,1983,Maurice Lucas
1652,1956,Maurice Stokes
1629,1957,Maurice Stokes
1607,1958,Maurice Stokes
1728,1952,Max Zaslofsky
446,2007,Mehmet Okur
1708,1953,Mel Hutchins
1687,1954,Mel Hutchins
1646,1956,Mel Hutchins
1623,1957,Mel Hutchins
504,2004,Metta World Peace
789,1992,Michael Adams
606,2000,Michael Finley
577,2001,Michael Finley
974,1985,Michael Jordan
951,1986,Michael Jordan
927,1987,Michael Jordan
901,1988,Michael Jordan
877,1989,Michael Jordan
849,1990,Michael Jordan
826,1991,Michael Jordan
801,1992,Michael Jordan
773,1993,Michael Jordan
693,1996,Michael Jordan
669,1997,Michael Jordan
641,1998,Michael Jordan
565,2002,Michael Jordan
539,2003,Michael Jordan
521,2004,Michael Redd
1083,1980,Micheal Ray Richardson
1062,1981,Micheal Ray Richardson
1037,1982,Micheal Ray Richardson
964,1985,Micheal Ray Richardson
77,2021,Mike Conley
1070,1981,Mike Mitchell
777,1993,Mitch Richmond
751,1994,Mitch Richmond
725,1995,Mitch Richmond
699,1996,Mitch Richmond
675,1997,Mitch Richmond
647,1998,Mitch Richmond
389,2009,Mo Williams
732,1994,Mookie Blaylock
1138,1978,Moses Malone
1112,1979,Moses Malone
1086,1980,Moses Malone
1065,1981,Moses Malone
1041,1982,Moses Malone
1019,1983,Moses Malone
992,1984,Moses Malone
969,1985,Moses Malone
945,1986,Moses Malone
920,1987,Moses Malone
892,1988,Moses Malone
867,1989,Moses Malone
1633,1957,Nat Clifton
1453,1965,Nate Thurmond
1432,1966,Nate Thurmond
1413,1967,Nate Thurmond
1390,1968,Nate Thurmond
1339,1970,Nate Thurmond
1255,1973,Nate Thurmond
1228,1974,Nate Thurmond
1719,1953,Neil Johnston
1697,1954,Neil Johnston
1671,1955,Neil Johnston
1655,1956,Neil Johnston
1635,1957,Neil Johnston
1610,1958,Neil Johnston
636,1998,Nick Van Exel
132,2019,Nikola Jokić
105,2020,Nikola Jokić
80,2021,Nikola Jokić
53,2022,Nikola Jokić
26,2023,Nikola Jokić
107,2019,Nikola Vučević
57,2021,Nikola Vučević
1048,1982,Norm Nixon
975,1985,Norm Nixon
1248,1974,Norm Van Lier
1198,1976,Norm Van Lier
1174,1977,Norm Van Lier
1558,1961,Oscar Robertson
1535,1962,Oscar Robertson
1510,1963,Oscar Robertson
1487,1964,Oscar Robertson
1468,1965,Oscar Robertson
1446,1966,Oscar Robertson
1426,1967,Oscar Robertson
1406,1968,Oscar Robertson
1381,1969,Oscar Robertson
1357,1970,Oscar Robertson
1330,1971,Oscar Robertson
1303,1972,Oscar Robertson
1117,1979,Otis Birdsong
1093,1980,Otis Birdsong
1069,1981,Otis Birdsong
994,1984,Otis Birdsong
795,1992,Otis Thorpe
83,2020,Pascal Siakam
6,2023,Pascal Siakam
950,1986,Patrick Ewing
898,1988,Patrick Ewing
874,1989,Patrick Ewing
848,1990,Patrick Ewing
823,1991,Patrick Ewing
798,1992,Patrick Ewing
771,1993,Patrick Ewing
742,1994,Patrick Ewing
718,1995,Patrick Ewing
691,1996,Patrick Ewing
667,1997,Patrick Ewing
473,2006,Pau Gasol
392,2009,Pau Gasol
366,2010,Pau Gasol
338,2011,Pau Gasol
239,2015,Pau Gasol
211,2016,Pau Gasol
1757,1951,Paul Arizin
1737,1952,Paul Arizin
1670,1955,Paul Arizin
1654,1956,Paul Arizin
1632,1957,Paul Arizin
1609,1958,Paul Arizin
1591,1959,Paul Arizin
1571,1960,Paul Arizin
1547,1961,Paul Arizin
1522,1962,Paul Arizin
278,2013,Paul George
255,2014,Paul George
200,2016,Paul George
178,2017,Paul George
151,2018,Paul George
122,2019,Paul George
72,2021,Paul George
16,2023,Paul George
262,2014,Paul Millsap
235,2015,Paul Millsap
207,2016,Paul Millsap
182,2017,Paul Millsap
563,2002,Paul Pierce
538,2003,Paul Pierce
510,2004,Paul Pierce
493,2005,Paul Pierce
465,2006,Paul Pierce
413,2008,Paul Pierce
385,2009,Paul Pierce
361,2010,Paul Pierce
334,2011,Paul Pierce
308,2012,Paul Pierce
1717,1953,Paul Seymour
1695,1954,Paul Seymour
1669,1955,Paul Seymour
1300,1972,Paul Silas
1218,1975,Paul Silas
1739,1952,Paul Walther
1155,1977,Paul Westphal
1130,1978,Paul Westphal
1106,1979,Paul Westphal
1082,1980,Paul Westphal
1060,1981,Paul Westphal
567,2002,Peja Stojaković
541,2003,Peja Stojaković
512,2004,Peja Stojaković
1252,1973,Pete Maravich
1226,1974,Pete Maravich
1157,1977,Pete Maravich
1132,1978,Pete Maravich
1108,1979,Pete Maravich
1235,1974,Phil Chenier
1209,1975,Phil Chenier
1162,1977,Phil Chenier
1196,1976,Phil Smith
1171,1977,Phil Smith
355,2010,Rajon Rondo
328,2011,Rajon Rondo
303,2012,Rajon Rondo
277,2013,Rajon Rondo
1753,1951,Ralph Beard
988,1984,Ralph Sampson
961,1985,Ralph Sampson
938,1986,Ralph Sampson
914,1987,Ralph Sampson
1199,1976,Randy Smith
1147,1978,Randy Smith
479,2005,Rashard Lewis
370,2009,Rashard Lewis
619,2000,Rasheed Wallace
592,2001,Rasheed Wallace
466,2006,Rasheed Wallace
414,2008,Rasheed Wallace
607,2000,Ray Allen
578,2001,Ray Allen
552,2002,Ray Allen
501,2004,Ray Allen
481,2005,Ray Allen
454,2006,Ray Allen
425,2007,Ray Allen
398,2008,Ray Allen
372,2009,Ray Allen
316,2011,Ray Allen
1693,1954,Ray Felix
1651,1956,Red Kerr
1589,1959,Red Kerr
1495,1963,Red Kerr
1767,1951,Red Rocha
1748,1952,Red Rocha
780,1992,Reggie Lewis
854,1990,Reggie Miller
720,1995,Reggie Miller
695,1996,Reggie Miller
643,1998,Reggie Miller
622,2000,Reggie Miller
1078,1981,Reggie Theus
1030,1983,Reggie Theus
471,2006,Richard Hamilton
445,2007,Richard Hamilton
418,2008,Richard Hamilton
1603,1958,Richie Guerin
1584,1959,Richie Guerin
1562,1960,Richie Guerin
1540,1961,Richie Guerin
1515,1962,Richie Guerin
1491,1963,Richie Guerin
1628,1957,Richie Regan
1444,1966,Rick Barry
1424,1967,Rick Barry
1274,1973,Rick Barry
1246,1974,Rick Barry
1219,1975,Rick Barry
1194,1976,Rick Barry
1169,1977,Rick Barry
1144,1978,Rick Barry
1001,1984,Rickey Green
831,1991,Ricky Pierce
638,1998,Rik Smits
1056,1981,Robert Parish
1031,1982,Robert Parish
1007,1983,Robert Parish
982,1984,Robert Parish
957,1985,Robert Parish
932,1986,Robert Parish
907,1987,Robert Parish
832,1990,Robert Parish
806,1991,Robert Parish
981,1985,Rolando Blackman
956,1986,Rolando Blackman
931,1987,Rolando Blackman
856,1990,Rolando Blackman
298,2012,Roy Hibbert
249,2014,Roy Hibbert
91,2020,Rudy Gobert
67,2021,Rudy Gobert
38,2022,Rudy Gobert
1523,1962,Rudy LaRusso
1498,1963,Rudy LaRusso
1436,1966,Rudy LaRusso
1395,1968,Rudy LaRusso
1368,1969,Rudy LaRusso
1234,1974,Rudy Tomjanovich
1208,1975,Rudy Tomjanovich
1183,1976,Rudy Tomjanovich
1161,1977,Rudy Tomjanovich
1113,1979,Rudy Tomjanovich
336,2011,Russell Westbrook
311,2012,Russell Westbrook
286,2013,Russell Westbrook
236,2015,Russell Westbrook
208,2016,Russell Westbrook
183,2017,Russell Westbrook
157,2018,Russell Westbrook
128,2019,Russell Westbrook
102,2020,Russell Westbrook
519,2004,Sam Cassell
1517,1962,Sam Jones
1472,1964,Sam Jones
1452,1965,Sam Jones
1431,1966,Sam Jones
1388,1968,Sam Jones
1206,1975,Sam Lacey
1184,1976,Scott Wedman
1088,1980,Scott Wedman
855,1990,Scottie Pippen
805,1992,Scottie Pippen
778,1993,Scottie Pippen
743,1994,Scottie Pippen
726,1995,Scottie Pippen
700,1996,Scottie Pippen
676,1997,Scottie Pippen
758,1993,Sean Elliott
682,1996,Sean Elliott
25,2023,Shai Gilgeous-Alexander
776,1993,Shaquille O'Neal
750,1994,Shaquille O'Neal
723,1995,Shaquille O'Neal
696,1996,Shaquille O'Neal
673,1997,Shaquille O'Neal
644,1998,Shaquille O'Neal
623,2000,Shaquille O'Neal
597,2001,Shaquille O'Neal
570,2002,Shaquille O'Neal
545,2003,Shaquille O'Neal
518,2004,Shaquille O'Neal
497,2005,Shaquille O'Neal
470,2006,Shaquille O'Neal
444,2007,Shaquille O'Neal
388,2009,Shaquille O'Neal
555,2002,Shareef Abdur-Rahim
766,1993,Shawn Kemp
738,1994,Shawn Kemp
715,1995,Shawn Kemp
688,1996,Shawn Kemp
663,1997,Shawn Kemp
635,1998,Shawn Kemp
524,2003,Shawn Marion
476,2005,Shawn Marion
451,2006,Shawn Marion
422,2007,Shawn Marion
1034,1982,Sidney Moncrief
1012,1983,Sidney Moncrief
987,1984,Sidney Moncrief
960,1985,Sidney Moncrief
937,1986,Sidney Moncrief
1297,1972,Sidney Wicks
1267,1973,Sidney Wicks
1240,1974,Sidney Wicks
1213,1975,Sidney Wicks
1727,1953,Slater Martin
1706,1954,Slater Martin
1685,1955,Slater Martin
1664,1956,Slater Martin
1643,1957,Slater Martin
1621,1958,Slater Martin
1601,1959,Slater Martin
918,1987,Sleepy Floyd
1282,1972,Spencer Haywood
1256,1973,Spencer Haywood
1229,1974,Spencer Haywood
1203,1975,Spencer Haywood
254,2014,Stephen Curry
228,2015,Stephen Curry
199,2016,Stephen Curry
177,2017,Stephen Curry
150,2018,Stephen Curry
121,2019,Stephen Curry
71,2021,Stephen Curry
43,2022,Stephen Curry
14,2023,Stephen Curry
581,2001,Stephon Marbury
530,2003,Stephon Marbury
558,2002,Steve Francis
531,2003,Steve Francis
505,2004,Steve Francis
886,1988,Steve Johnson
1205,1975,Steve Mix
550,2002,Steve Nash
526,2003,Steve Nash
480,2005,Steve Nash
453,2006,Steve Nash
424,2007,Steve Nash
396,2008,Steve Nash
342,2010,Steve Nash
291,2012,Steve Nash
625,1998,Steve Smith
685,1996,Terrell Brandon
660,1997,Terrell Brandon
963,1985,Terry Cummings
862,1989,Terry Cummings
1499,1963,Terry Dischinger
1478,1964,Terry Dischinger
1458,1965,Terry Dischinger
813,1991,Terry Porter
761,1993,Terry Porter
585,2001,Theo Ratliff
627,1998,Tim Duncan
603,2000,Tim Duncan
575,2001,Tim Duncan
549,2002,Tim Duncan
525,2003,Tim Duncan
500,2004,Tim Duncan
477,2005,Tim Duncan
452,2006,Tim Duncan
423,2007,Tim Duncan
395,2008,Tim Duncan
369,2009,Tim Duncan
341,2010,Tim Duncan
315,2011,Tim Duncan
265,2013,Tim Duncan
212,2015,Tim Duncan
818,1991,Tim Hardaway
793,1992,Tim Hardaway
768,1993,Tim Hardaway
664,1997,Tim Hardaway
637,1998,Tim Hardaway
1269,1973,Nate Archibald
1215,1975,Nate Archibald
1190,1976,Nate Archibald
1098,1980,Nate Archibald
1074,1981,Nate Archibald
1047,1982,Nate Archibald
917,1987,Tom Chambers
864,1989,Tom Chambers
842,1990,Tom Chambers
815,1991,Tom Chambers
1574,1960,Tom Gola
1552,1961,Tom Gola
1528,1962,Tom Gola
1503,1963,Tom Gola
1482,1964,Tom Gola
671,1997,Tom Gugliotta
1634,1957,Tom Heinsohn
1549,1961,Tom Heinsohn
1525,1962,Tom Heinsohn
1501,1963,Tom Heinsohn
1480,1964,Tom Heinsohn
1460,1965,Tom Heinsohn
1514,1963,Tom Meschery
1349,1970,Tom Van Arsdale
1320,1971,Tom Van Arsdale
1294,1972,Tom Van Arsdale
472,2006,Tony Parker
447,2007,Tony Parker
390,2009,Tony Parker
313,2012,Tony Parker
287,2013,Tony Parker
263,2014,Tony Parker
594,2001,Tracy McGrady
566,2002,Tracy McGrady
540,2003,Tracy McGrady
511,2004,Tracy McGrady
494,2005,Tracy McGrady
467,2006,Tracy McGrady
440,2007,Tracy McGrady
81,2020,Trae Young
28,2022,Trae Young
1141,1978,Truck Robinson
1072,1981,Truck Robinson
21,2023,Tyrese Haliburton
714,1995,Tyrone Hill
289,2013,Tyson Chandler
1762,1951,Vern Mikkelsen
1743,1952,Vern Mikkelsen
1721,1953,Vern Mikkelsen
1674,1955,Vern Mikkelsen
1658,1956,Vern Mikkelsen
1637,1957,Vern Mikkelsen
159,2018,Victor Oladipo
131,2019,Victor Oladipo
724,1995,Vin Baker
698,1996,Vin Baker
674,1997,Vin Baker
646,1998,Vin Baker
1769,1951,Vince Boryla
602,2000,Vince Carter
574,2001,Vince Carter
548,2002,Vince Carter
523,2003,Vince Carter
499,2004,Vince Carter
475,2005,Vince Carter
450,2006,Vince Carter
421,2007,Vince Carter
589,2001,Vlade Divac
560,2002,Wally Szczerbiak
1521,1962,Walt Bellamy
1497,1963,Walt Bellamy
1477,1964,Walt Bellamy
1457,1965,Walt Bellamy
1343,1970,Walt Frazier
1316,1971,Walt Frazier
1288,1972,Walt Frazier
1260,1973,Walt Frazier
1233,1974,Walt Frazier
1207,1975,Walt Frazier
1182,1976,Walt Frazier
1389,1968,Walt Hazzard
1139,1978,Walter Davis
1114,1979,Walter Davis
1089,1980,Walter Davis
1066,1981,Walter Davis
993,1984,Walter Davis
921,1987,Walter Davis
1564,1960,Walter Dukes
1541,1961,Walter Dukes
1555,1961,Wayne Embry
1531,1962,Wayne Embry
1505,1963,Wayne Embry
1484,1964,Wayne Embry
1464,1965,Wayne Embry
1362,1969,Wes Unseld
1309,1971,Wes Unseld
1280,1972,Wes Unseld
1250,1973,Wes Unseld
1200,1975,Wes Unseld
1619,1958,Willie Naulls
1581,1960,Willie Naulls
1560,1961,Willie Naulls
1537,1962,Willie Naulls
1461,1965,Willis Reed
1440,1966,Willis Reed
1421,1967,Willis Reed
1399,1968,Willis Reed
1374,1969,Willis Reed
1352,1970,Willis Reed
1322,1971,Willis Reed
1568,1960,Wilt Chamberlain
1545,1961,Wilt Chamberlain
1519,1962,Wilt Chamberlain
1493,1963,Wilt Chamberlain
1473,1964,Wilt Chamberlain
1454,1965,Wilt Chamberlain
1434,1966,Wilt Chamberlain
1414,1967,Wilt Chamberlain
1391,1968,Wilt Chamberlain
1366,1969,Wilt Chamberlain
1315,1971,Wilt Chamberlain
1287,1972,Wilt Chamberlain
1259,1973,Wilt Chamberlain
1583,1959,Woody Sauldsberry
1090,1980,World Free
906,1988,Xavier McDaniel
536,2003,Yao Ming
508,2004,Yao Ming
490,2005,Yao Ming
461,2006,Yao Ming
435,2007,Yao Ming
409,2008,Yao Ming
380,2009,Yao Ming
330,2011,Yao Ming
54,2021,Zach LaVine
29,2022,Zach LaVine
363,2010,Zach Randolph
285,2013,Zach Randolph
1445,1966,Zelmo Beaty
1404,1968,Zelmo Beaty
55,2021,Zion Williamson
0,2023,Zion Williamson
533,2003,Zydrunas Ilgauskas
487,2005,Zydrunas Ilgauskas
